name,age,brain age,BAG
"../test_data_AD/SUVR_rADNI_011_S_0183_PT_Co-registered,_Averaged_Br_20061022112334596_1_S13476_I27000.nii",73,77.66620500869762,4.666205008697619
"../test_data_AD/SUVR_rADNI_011_S_0010_PT_Co-registered,_Averaged_Br_20061020173147178_1_S10060_I26914.nii",74,77.22445473600946,3.224454736009457
"../test_data_AD/SUVR_rADNI_011_S_0003_PT_Co-registered,_Averaged_Br_20061020151508755_1_S9228_I26855.nii",81,78.56952265896699,-2.430477341033003
"../test_data_AD/SUVR_rADNI_013_S_1161_PT_Co-registered,_Averaged_Br_20070108160516588_1_S24766_I35445.nii",80,83.87261518138862,3.8726151813886363
"../test_data_AD/SUVR_rADNI_005_S_0221_PT_Co-registered,_Averaged_Br_20061013145915845_1_S12240_I26244.nii",68,77.14450822867897,9.144508228678973
"../test_data_AD/SUVR_rADNI_011_S_0053_PT_Co-registered,_Averaged_Br_20061022110152483_63_S10449_I26992.nii",80,80.67504372807677,0.6750437280767898
"../test_data_AD/SUVR_rADNI_013_S_1205_PT_Co-registered,_Averaged_Br_20070206154144232_1_S25882_I38256.nii",83,79.77610709000892,-3.2238929099910933
"../test_data_AD/SUVR_rADNI_007_S_0316_PT_Co-registered,_Averaged_Br_20061018101721284_1_S13682_I26492.nii",81,79.4248926869001,-1.5751073130999202
"../test_data_AD/SUVR_rADNI_006_S_0547_PT_Co-registered,_Averaged_Br_20061016172054566_1_S18753_I26371.nii",76,80.60908033643777,4.609080336437776
