,withCA,rvr_slope,rvr_intercept,rvr_check,rvr_r2,rvr_mae,rvr_rsq_uncorr,rvr_ma_uncorr,svm_slope,svm_intercept,svm_check,svm_r2,svm_mae,svm_rsq_uncorr,svm_ma_uncorr
0,True,-0.651129337090888,48.11630222612847,True,0.6637910140830401,2.7710881326348757,0.23808126929087758,4.110240798673241,-0.7289485711202817,53.6136056374867,True,0.777503234716518,2.185736893987454,0.23813358616313263,4.0702644778406425
