,withCA,rvr_slope,rvr_intercept,rvr_check,rvr_r2,rvr_mae,rvr_rsq_uncorr,rvr_ma_uncorr,svm_slope,svm_intercept,svm_check,svm_r2,svm_mae,svm_rsq_uncorr,svm_ma_uncorr
0,True,-0.6879767887494246,51.269064789008524,True,0.6714748269124814,2.610866113462171,0.19810618049556372,4.197468510592476,-0.7630433863000274,56.961550905767524,True,0.7734831474442382,2.2044578445169014,0.1906251823206916,4.2204988900346825
