,withCA,rvr_slope,rvr_intercept,rvr_check,rvr_r2,rvr_mae,rvr_rsq_uncorr,rvr_ma_uncorr
0,True,-0.5889919109013543,43.32961353044705,True,0.7330346429991597,2.5324627996926274,0.38607841474920357,3.947746791531408
