,withCA,rvr_slope,rvr_intercept,rvr_check,rvr_r2,rvr_mae,rvr_rsq_uncorr,rvr_ma_uncorr
0,True,-0.718861335241347,53.31613058742502,True,0.7179101214507615,2.579570913627209,0.20096580722443458,4.434545737775254
