,withCA,rvr_slope,rvr_intercept,rvr_check,rvr_r2,rvr_mae,rvr_rsq_uncorr,rvr_ma_uncorr
0,True,-0.5551529457884661,40.95960972222088,True,0.6787229661185782,2.655909145785261,0.3705279828215039,3.954515870396919
