"","coefficients.Estimate","coefficients.Std..Error","coefficients.z.value","coefficients.Pr...z.."
"(Intercept)",2.0594206566947,1.87074228027775,1.10085749298879,0.270958684658326
"MRIBPAD",0.0367276843263524,0.134119489165185,0.273843007865304,0.784205270941675
"PETBPAD",0.339665074906307,0.127525443506591,2.66350828169244,0.00773305083490087
"AMY.cat0",-0.672253771271681,0.809862973979699,-0.830083350975041,0.406491659564828
"AMY.cat1",0.025562618882963,0.756533178452601,0.0337891577144684,0.973045281900522
"APOE4c2",1.46448546712503,0.901729221116865,1.62408562662652,0.104357535132104
"PTEDUCAT",-0.136169375390101,0.111227776970287,-1.22423893652461,0.220862104807046
