"","coefficients.Estimate","coefficients.Std..Error","coefficients.z.value","coefficients.Pr...z.."
"(Intercept)",-2.2139144835011,1.17270338307881,-1.88787251358369,0.0590430673567372
"PETBPAD",0.151152122391923,0.0796333242405082,1.89810137694885,0.0576827288264746
"MRIBPAD",0.349659460536894,0.0733186562221388,4.7690380396158,1.85107707864404e-06
"AMY.cat0",0.433755591008908,0.589440627650783,0.735876644162861,0.461805772157546
"AMY.cat1",1.57695317965151,0.499011301742192,3.16015523926194,0.00157685098182829
"APOE4c1",0.773636297298888,0.364659207501387,2.12153232767596,0.0338770304285168
"PTEDUCAT",-0.0140285493866363,0.0667234071291973,-0.210249296164878,0.833473106523261
