"","coefficients.Estimate","coefficients.Std..Error","coefficients.z.value","coefficients.Pr...z.."
"(Intercept)",-1.65639620355879,1.08420843998431,-1.52774701106621,0.12657536311946
"PETBPAD",0.189284586460502,0.0791430866574724,2.39167556453436,0.0167716605055323
"MRIBPAD",0.336874471535127,0.0699067329335409,4.81891310605786,1.44342397625587e-06
"AMY.cat0",-0.205347349092335,0.598107338826203,-0.343328589639667,0.731351275054141
"AMY.cat1",0.887530119662835,0.503230658274103,1.76366464377735,0.0777884571123928
"APOE4c1",1.43303868382029,0.34458505518917,4.15873718909132,3.20011828494678e-05
"PTEDUCAT",-0.0479326434547827,0.0627665381461092,-0.763665559238015,0.445066569890976
