,withCA,rvr_slope,rvr_intercept,rvr_check,rvr_r2,rvr_mae,rvr_rsq_uncorr,rvr_ma_uncorr,svm_slope,svm_intercept,svm_check,svm_r2,svm_mae,svm_rsq_uncorr,svm_ma_uncorr
0,True,-0.7210241595843982,53.74619285598058,True,0.662838283135796,2.673973814689943,0.1427441931782064,4.316438541314634,-0.8268628396693993,61.571187850983,True,0.8400056801091257,1.7795644406975106,0.15627266134196194,4.255439237699275
