,withCA,rvr_slope,rvr_intercept,rvr_check,rvr_r2,rvr_mae,rvr_rsq_uncorr,rvr_ma_uncorr,svm_slope,svm_intercept,svm_check,svm_r2,svm_mae,svm_rsq_uncorr,svm_ma_uncorr
0,True,-0.6735852944252275,50.148091520873315,True,0.7102043561686269,2.335529778645363,0.25571873822240576,4.003793194040174,-0.6915082545770689,51.298967645280804,True,0.7013436475509437,2.3763668576423336,0.22313971991362536,4.058983562692164
