,withCA,rvr_slope,rvr_intercept,rvr_check,rvr_r2,rvr_mae,rvr_rsq_uncorr,rvr_ma_uncorr,svm_slope,svm_intercept,svm_check,svm_r2,svm_mae,svm_rsq_uncorr,svm_ma_uncorr
0,None,,,True,0.24831972546875025,4.042699351749735,0.24831972546875025,4.042699351749735,,,True,0.28789963511380046,3.9212663913295795,0.28789963511380046,3.9212663913295795
