,withCA,rvr_slope,rvr_intercept,rvr_check,rvr_r2,rvr_mae,rvr_rsq_uncorr,rvr_ma_uncorr,svm_slope,svm_intercept,svm_check,svm_r2,svm_mae,svm_rsq_uncorr,svm_ma_uncorr
0,True,-0.6195874837894001,45.83595278919952,True,0.6164155257479602,2.8247972044800176,0.23202502260603253,4.013896789306387,-0.7270285106580687,53.43458455691461,True,0.8294543946588909,1.843428367430855,0.29313418326031193,3.872200186862283
