,withCA,rvr_slope,rvr_intercept,rvr_check,rvr_r2,rvr_mae,rvr_rsq_uncorr,rvr_ma_uncorr,svm_slope,svm_intercept,svm_check,svm_r2,svm_mae,svm_rsq_uncorr,svm_ma_uncorr
0,True,-0.7327750512592023,54.57749801967365,True,0.7193497092830661,2.421310304863882,0.18223467808305782,4.0755945711493,-0.7802306643048701,57.723330436065766,True,0.8536538647885801,1.67703320563608,0.24181603485431458,4.000466704156015
