,withCA,rvr_slope,rvr_intercept,rvr_check,rvr_r2,rvr_mae,rvr_rsq_uncorr,rvr_ma_uncorr,svm_slope,svm_intercept,svm_check,svm_r2,svm_mae,svm_rsq_uncorr,svm_ma_uncorr
0,False,0.38041251621060024,45.83595278919948,True,-1.6506441385001316,7.425615835721298,0.23202502260603253,4.013896789306387,0.2729714893419315,53.434584556914594,True,-1.2887900369196066,6.753190129397459,0.29313418326031193,3.872200186862283
