,withCA,rvr_slope,rvr_intercept,rvr_check,rvr_r2,rvr_mae,rvr_rsq_uncorr,rvr_ma_uncorr,svm_slope,svm_intercept,svm_check,svm_r2,svm_mae,svm_rsq_uncorr,svm_ma_uncorr
0,True,-0.6836898997601105,50.57597504236867,True,0.6522460034261885,2.718960987495039,0.18397164157995693,4.159630067721588,-0.7325960150410827,54.39183358359468,True,0.7265503325621289,2.368331879579944,0.1898384668029317,4.2317443033911335
