,withCA,rvr_slope,rvr_intercept,rvr_check,rvr_r2,rvr_mae,rvr_rsq_uncorr,rvr_ma_uncorr,svm_slope,svm_intercept,svm_check,svm_r2,svm_mae,svm_rsq_uncorr,svm_ma_uncorr
0,True,-0.7326993518318654,54.15102332181497,True,0.7301329098348048,2.273549825082231,0.19159359266310816,3.989605222117397,-0.7655737929042252,56.45690149478683,True,0.8453094335099367,1.6623289954270908,0.2549508754286597,3.8223653329685376
