,withCA,rvr_slope,rvr_intercept,rvr_check,rvr_r2,rvr_mae,rvr_rsq_uncorr,rvr_ma_uncorr,svm_slope,svm_intercept,svm_check,svm_r2,svm_mae,svm_rsq_uncorr,svm_ma_uncorr
0,None,,,True,0.22106630202988442,4.119076535310425,0.22106630202988442,4.119076535310425,,,True,0.06965842785213827,4.507159101875673,0.06965842785213827,4.507159101875673
