,withCA,rvr_slope,rvr_intercept,rvr_check,rvr_r2,rvr_mae,rvr_rsq_uncorr,rvr_ma_uncorr,svm_slope,svm_intercept,svm_check,svm_r2,svm_mae,svm_rsq_uncorr,svm_ma_uncorr
0,False,0.3163101002398895,50.57597504236866,True,-2.47572982254661,8.595871536928414,0.18397164157995693,4.159630067721588,0.2674039849589172,54.39183358359466,True,-2.824209266754296,8.856756117317415,0.1898384668029317,4.2317443033911335
