,withCA,rvr_slope,rvr_intercept,rvr_check,rvr_r2,rvr_mae,rvr_rsq_uncorr,rvr_ma_uncorr,svm_slope,svm_intercept,svm_check,svm_r2,svm_mae,svm_rsq_uncorr,svm_ma_uncorr
0,True,-0.733355989351106,54.72848028808164,True,0.6687671055729268,2.5735933918417504,0.12989355829637217,4.264422515630017,-0.8385818231583368,62.401330198466965,True,0.8688472631789312,1.629599730185596,0.16559999830941907,4.155629077229322
