,withCA,rvr_slope,rvr_intercept,rvr_check,rvr_r2,rvr_mae,rvr_rsq_uncorr,rvr_ma_uncorr,svm_slope,svm_intercept,svm_check,svm_r2,svm_mae,svm_rsq_uncorr,svm_ma_uncorr
0,True,-0.6692479881665798,49.48791872460221,True,0.6969995179283479,2.5354928523809153,0.24831972546875025,4.042699351749735,-0.7284505747960114,53.52788078338788,True,0.8266734780788307,1.877398180400584,0.28789963511380046,3.9212663913295795
