,withCA,rvr_slope,rvr_intercept,rvr_check,rvr_r2,rvr_mae,rvr_rsq_uncorr,rvr_ma_uncorr,svm_slope,svm_intercept,svm_check,svm_r2,svm_mae,svm_rsq_uncorr,svm_ma_uncorr
0,True,-0.7377477177787719,54.66781301877325,True,0.7434585440688791,2.347276760321991,0.19781914032902714,4.050395238738509,-0.7735210932581235,57.1494920817257,True,0.846647449916507,1.6847569184837838,0.24359227125756022,3.987621281291284
