,withCA,rvr_slope,rvr_intercept,rvr_check,rvr_r2,rvr_mae,rvr_rsq_uncorr,rvr_ma_uncorr,svm_slope,svm_intercept,svm_check,svm_r2,svm_mae,svm_rsq_uncorr,svm_ma_uncorr
0,True,-0.7192786538559813,53.310445261192335,True,0.709821560656956,2.3132432901376223,0.19242153019669017,4.070453286612906,-0.7746313785832576,57.320735623394725,True,0.7412908009416381,2.2460472686410706,0.14068953102430337,4.098855378931677
