,withCA,rvr_slope,rvr_intercept,rvr_check,rvr_r2,rvr_mae,rvr_rsq_uncorr,rvr_ma_uncorr,svm_slope,svm_intercept,svm_check,svm_r2,svm_mae,svm_rsq_uncorr,svm_ma_uncorr
0,True,-0.7481995256242334,55.59703077885227,True,0.7012364942864644,2.4877326065284353,0.14124911388093397,4.415244824258293,-0.7681644622924826,56.9787981665226,True,0.7414126709422544,2.341163308692739,0.15132196487722227,4.382695868200533
