,withCA,rvr_slope,rvr_intercept,rvr_check,rvr_r2,rvr_mae,rvr_rsq_uncorr,rvr_ma_uncorr,svm_slope,svm_intercept,svm_check,svm_r2,svm_mae,svm_rsq_uncorr,svm_ma_uncorr
0,True,-0.6873210150147341,50.673210953699794,True,0.696702293679057,2.7890741138793333,0.22420929785767052,4.3709977028493405,-0.7208540478026643,52.88179629333307,True,0.7942692910825198,2.2752225940045885,0.2719666914515537,4.264911947110074
