,withCA,rvr_slope,rvr_intercept,rvr_check,rvr_r2,rvr_mae,rvr_rsq_uncorr,rvr_ma_uncorr,svm_slope,svm_intercept,svm_check,svm_r2,svm_mae,svm_rsq_uncorr,svm_ma_uncorr
0,True,-0.545780822150365,40.257228312804564,True,0.7140015545633669,2.5371854251255512,0.4161011438838975,3.8264313150116496,-0.5709673341281695,41.72407593544545,True,0.7516524602541049,2.350954630314274,0.42234846033253015,3.8084914988925966
