,withCA,rvr_slope,rvr_intercept,rvr_check,rvr_r2,rvr_mae,rvr_rsq_uncorr,rvr_ma_uncorr
0,True,-0.6894241728856896,50.884996245014705,True,0.6545470963272578,2.870908222381055,0.17915420952367522,4.440326431387763
