,withCA,rvr_slope,rvr_intercept,rvr_check,rvr_r2,rvr_mae,rvr_rsq_uncorr,rvr_ma_uncorr,svm_slope,svm_intercept,svm_check,svm_r2,svm_mae,svm_rsq_uncorr,svm_ma_uncorr
0,True,-0.7609363995033445,56.08648069334941,True,0.7543434609806396,2.405107894289909,0.17530063392566986,4.583234582614283,-0.7845128272661678,57.23735724606291,True,0.7833588963010888,2.248852713951388,0.15834266720715395,4.6890266955249285
