,withCA,rvr_slope,rvr_intercept,rvr_check,rvr_r2,rvr_mae,rvr_rsq_uncorr,rvr_ma_uncorr
0,True,-0.6527596040209247,48.17947040814398,True,0.664808283053114,2.91105836430822,0.23870635843838128,4.341506730528724
