,withCA,rvr_slope,rvr_intercept,rvr_check,rvr_r2,rvr_mae,rvr_rsq_uncorr,rvr_ma_uncorr,svm_slope,svm_intercept,svm_check,svm_r2,svm_mae,svm_rsq_uncorr,svm_ma_uncorr
0,True,-0.6775209360588622,49.93068256344004,True,0.7389722204423184,2.4115856487762546,0.2796921806604523,4.145123461728616,-0.6973445221635843,51.09114706709086,True,0.7313631615070604,2.414932824945203,0.2407848874322459,4.256120869706539
