,withCA,rvr_slope,rvr_intercept,rvr_check,rvr_r2,rvr_mae,rvr_rsq_uncorr,rvr_ma_uncorr,svm_slope,svm_intercept,svm_check,svm_r2,svm_mae,svm_rsq_uncorr,svm_ma_uncorr
0,True,-0.7344378727132533,54.37340008141969,True,0.7443443486739649,2.3951014284261327,0.20473999387038966,4.512155808338232,-0.7587338577925498,55.96681679576887,True,0.8135961790602848,1.9731653610515234,0.23759271527262016,4.489221130435102
