,withCA,rvr_slope,rvr_intercept,rvr_check,rvr_r2,rvr_mae,rvr_rsq_uncorr,rvr_ma_uncorr,svm_slope,svm_intercept,svm_check,svm_r2,svm_mae,svm_rsq_uncorr,svm_ma_uncorr
0,True,-0.743623826805232,54.683938386155994,True,0.7540540554832644,2.441346606580483,0.20105023023713742,4.317738381886327,-0.7631314673076361,56.375190600374104,True,0.8177057437294212,2.0808024482627063,0.23396297218112072,4.35170993007922
