,withCA,rvr_slope,rvr_intercept,rvr_check,rvr_r2,rvr_mae,rvr_rsq_uncorr,rvr_ma_uncorr,svm_slope,svm_intercept,svm_check,svm_r2,svm_mae,svm_rsq_uncorr,svm_ma_uncorr
0,True,-0.747674529513565,55.084959624292885,True,0.7841796469181044,2.3100069634080715,0.22516223426430182,4.322124982006288,-0.7494198412071716,55.06360322260065,True,0.7792187243510417,2.3455205678457633,0.21697344572452326,4.402707721725196
