,withCA,rvr_slope,rvr_intercept,rvr_check,rvr_r2,rvr_mae,rvr_rsq_uncorr,rvr_ma_uncorr,svm_slope,svm_intercept,svm_check,svm_r2,svm_mae,svm_rsq_uncorr,svm_ma_uncorr
0,True,-0.713203149197359,52.88674517462326,True,0.6661573627568472,2.772500308553549,0.15735838006841674,4.616778855172374,-0.8010332235465102,59.207995453179805,True,0.7936854055239893,2.099749133342931,0.1517224877341844,4.6585706688017945
