,withCA,rvr_slope,rvr_intercept,rvr_check,rvr_r2,rvr_mae,rvr_rsq_uncorr,rvr_ma_uncorr,svm_slope,svm_intercept,svm_check,svm_r2,svm_mae,svm_rsq_uncorr,svm_ma_uncorr
0,True,-0.7104210952945085,52.34702355064449,True,0.7389362571234916,2.4118969702832134,0.234237078794982,4.365320211450718,-0.7790125955073373,57.353736420748916,True,0.8462223265381882,1.723379020796284,0.23928488875102316,4.321354240481581
