,withCA,rvr_slope,rvr_intercept,rvr_check,rvr_r2,rvr_mae,rvr_rsq_uncorr,rvr_ma_uncorr,svm_slope,svm_intercept,svm_check,svm_r2,svm_mae,svm_rsq_uncorr,svm_ma_uncorr
0,True,-0.6898647039587361,51.25640265696035,True,0.7080106598008216,2.617420879694842,0.2312593138917275,4.3642664643523466,-0.8004380503471563,58.63803071091959,True,0.8927737305636496,1.5376572111021822,0.2413425386446676,4.401186154092076
