,withCA,rvr_slope,rvr_intercept,rvr_check,rvr_r2,rvr_mae,rvr_rsq_uncorr,rvr_ma_uncorr,svm_slope,svm_intercept,svm_check,svm_r2,svm_mae,svm_rsq_uncorr,svm_ma_uncorr
0,True,-0.5102096052790235,37.872160833632584,True,0.6352652079102818,2.889585165368887,0.37442193953980996,4.083527870105201,-0.580955185271261,43.08826276293382,True,0.7767839013665427,2.24417294343053,0.43884614631643326,3.7848096490569887
