,withCA,rvr_slope,rvr_intercept,rvr_check,rvr_r2,rvr_mae,rvr_rsq_uncorr,rvr_ma_uncorr,svm_slope,svm_intercept,svm_check,svm_r2,svm_mae,svm_rsq_uncorr,svm_ma_uncorr
0,True,-0.6148274503014963,45.38154111922921,True,0.5972025301046617,3.1153768208808716,0.21909220246781247,4.467809263678307,-0.6397415743023417,47.12989641021498,True,0.7813332741683415,2.246522357687769,0.3714498596515311,3.944526036917795
