,withCA,rvr_slope,rvr_intercept,rvr_check,rvr_r2,rvr_mae,rvr_rsq_uncorr,rvr_ma_uncorr,svm_slope,svm_intercept,svm_check,svm_r2,svm_mae,svm_rsq_uncorr,svm_ma_uncorr
0,True,-0.6848697592959321,50.51156552615351,True,0.6671666070754605,2.7018811064899153,0.19802207400481597,4.495884681169149,-0.7521080637509592,55.40806919483189,True,0.8353855148248054,1.9719284989555337,0.2692836502271113,4.3021278966081375
