,withCA,rvr_slope,rvr_intercept,rvr_check,rvr_r2,rvr_mae,rvr_rsq_uncorr,rvr_ma_uncorr,svm_slope,svm_intercept,svm_check,svm_r2,svm_mae,svm_rsq_uncorr,svm_ma_uncorr
0,True,-0.5538110818546432,40.92576220925462,True,0.6329459933965481,2.959454351100701,0.3262337335418851,4.153648707852515,-0.6806504752379946,50.146234031939606,True,0.7338072529856152,2.430246795337003,0.26980805053762236,4.323656428809898
