,withCA,svm_slope,svm_intercept,svm_check,svm_r2,svm_mae,svm_rsq_uncorr,svm_ma_uncorr
0,True,-0.8158890556920756,60.223382923691545,True,0.8434100943969598,1.8287087953791572,0.17727834144294985,4.650626847819013
