,withCA,svm_slope,svm_intercept,svm_check,svm_r2,svm_mae,svm_rsq_uncorr,svm_ma_uncorr
0,True,-0.7454013470595234,54.34939450376938,True,0.8001429462447082,2.1176584160051486,0.2344106842416258,4.337098036535375
