,withCA,rvr_slope,rvr_intercept,rvr_check,rvr_r2,rvr_mae,rvr_rsq_uncorr,rvr_ma_uncorr
0,True,-0.7251388418725025,53.43875510053488,True,0.615316556956198,3.0406562446345706,0.08945915600198573,4.804101451728476
