,withCA,svm_slope,svm_intercept,svm_check,svm_r2,svm_mae,svm_rsq_uncorr,svm_ma_uncorr
0,True,-0.7183816828433165,53.025002231468534,True,0.7474288714050672,2.4906214122176484,0.231246430642012,4.648842265437631
