,withCA,rvr_slope,rvr_intercept,rvr_check,rvr_r2,rvr_mae,rvr_rsq_uncorr,rvr_ma_uncorr
0,True,-0.5471414118906514,40.65320414306873,True,0.6798543088249164,2.694090207166758,0.38033183027404693,3.89216471293437
