,withCA,rvr_slope,rvr_intercept,rvr_check,rvr_r2,rvr_mae,rvr_rsq_uncorr,rvr_ma_uncorr,svm_slope,svm_intercept,svm_check,svm_r2,svm_mae,svm_rsq_uncorr,svm_ma_uncorr
0,True,-0.7089856958175721,52.306533622260886,True,0.700873477179448,2.747011380085251,0.19819965696479214,4.439517026377373,-0.7362525421122869,53.96536957967392,True,0.8203993848511881,2.10551541318192,0.2747125027515558,4.277115835425293
