,withCA,rvr_slope,rvr_intercept,rvr_check,rvr_r2,rvr_mae,rvr_rsq_uncorr,rvr_ma_uncorr,svm_slope,svm_intercept,svm_check,svm_r2,svm_mae,svm_rsq_uncorr,svm_ma_uncorr
0,True,-0.7791589304633202,58.199987188987535,True,0.7640340188642314,2.1699402608156335,0.15691793168425106,4.222592886259556,-0.8246912214662498,61.167095201027266,True,0.8618702049194107,1.6263306104329764,0.17689361571065954,4.303894876260627
