,withCA,rvr_slope,rvr_intercept,rvr_check,rvr_r2,rvr_mae,rvr_rsq_uncorr,rvr_ma_uncorr
0,True,-0.5458519033760936,40.27068294267279,True,0.7052178040006071,2.568985878016893,0.4070429687136241,3.9698382295117716
