,withCA,rvr_slope,rvr_intercept,rvr_check,rvr_r2,rvr_mae,rvr_rsq_uncorr,rvr_ma_uncorr,svm_slope,svm_intercept,svm_check,svm_r2,svm_mae,svm_rsq_uncorr,svm_ma_uncorr
0,True,-0.6646006588566484,49.479833429753626,True,0.6925649479439424,2.629703533127369,0.24930541089965452,4.080557129932818,-0.6853445421218991,50.8037642206705,True,0.7690965939591824,2.22991165737319,0.2993785823932834,3.9999816893682274
