,withCA,rvr_slope,rvr_intercept,rvr_check,rvr_r2,rvr_mae,rvr_rsq_uncorr,rvr_ma_uncorr,svm_slope,svm_intercept,svm_check,svm_r2,svm_mae,svm_rsq_uncorr,svm_ma_uncorr
0,True,-0.6572878114808776,48.75944555278804,True,0.6887393768856376,2.8785593772224596,0.25585535052545005,4.499803142561499,-0.6870873379753945,50.923473904043895,True,0.6975511405872912,2.762175589709102,0.22491939417921225,4.6868513722599054
