,withCA,rvr_slope,rvr_intercept,rvr_check,rvr_r2,rvr_mae,rvr_rsq_uncorr,rvr_ma_uncorr
0,True,-0.5572951114902202,41.00045219684922,True,0.7045033703072319,2.6337279945670815,0.3934731848278765,3.9446748529611946
