,withCA,rvr_slope,rvr_intercept,rvr_check,rvr_r2,rvr_mae,rvr_rsq_uncorr,rvr_ma_uncorr,svm_slope,svm_intercept,svm_check,svm_r2,svm_mae,svm_rsq_uncorr,svm_ma_uncorr
0,True,-0.45720420325260813,33.92129937878601,True,0.6107520001026849,2.950448822464916,0.4013897022435049,3.9409628360357574,-0.583506942992325,43.19496960123005,True,0.79000822807343,2.246777912140681,0.44946488269611007,3.7866244564974143
