,withCA,rvr_slope,rvr_intercept,rvr_check,rvr_r2,rvr_mae,rvr_rsq_uncorr,rvr_ma_uncorr,svm_slope,svm_intercept,svm_check,svm_r2,svm_mae,svm_rsq_uncorr,svm_ma_uncorr
0,True,-0.6113423368960196,44.98206300147775,True,0.7198627935451983,2.450867259748788,0.3457217074852419,3.945665491036291,-0.5980416444325113,43.75626847048338,True,0.7604904166765587,2.321027747131004,0.39937563854441216,3.8468107898179094
