,withCA,rvr_slope,rvr_intercept,rvr_check,rvr_r2,rvr_mae,rvr_rsq_uncorr,rvr_ma_uncorr,svm_slope,svm_intercept,svm_check,svm_r2,svm_mae,svm_rsq_uncorr,svm_ma_uncorr
0,True,-0.6109382807416586,45.066827235012006,True,0.7218006929771874,2.494190014069085,0.3485367012542616,4.105268366638455,-0.6958448979992921,51.062719570455194,True,0.7945953446068821,2.0484574541848315,0.30815412718323454,4.280351644136934
