,withCA,rvr_slope,rvr_intercept,rvr_check,rvr_r2,rvr_mae,rvr_rsq_uncorr,rvr_ma_uncorr,svm_slope,svm_intercept,svm_check,svm_r2,svm_mae,svm_rsq_uncorr,svm_ma_uncorr
0,True,-0.5653301387904809,41.7191691522214,True,0.711096132620371,2.637362302607258,0.39135362704004184,3.919363137599991,-0.6484187463139391,48.12739247163561,True,0.7887462972239405,2.2164820540872454,0.3674384095286378,4.000504083127679
