,withCA,rvr_slope,rvr_intercept,rvr_check,rvr_r2,rvr_mae,rvr_rsq_uncorr,rvr_ma_uncorr,svm_slope,svm_intercept,svm_check,svm_r2,svm_mae,svm_rsq_uncorr,svm_ma_uncorr
0,True,-0.7259344562896699,53.73441624111276,True,0.7473446165122763,2.45045923505068,0.22007919642371365,4.384402148848555,-0.824930584838557,60.768792501112074,True,0.806142382410143,2.070063890914584,0.12479179063319235,4.756347179081248
