,withCA,rvr_slope,rvr_intercept,rvr_check,rvr_r2,rvr_mae,rvr_rsq_uncorr,rvr_ma_uncorr,svm_slope,svm_intercept,svm_check,svm_r2,svm_mae,svm_rsq_uncorr,svm_ma_uncorr
0,True,-0.6746170423557848,50.05218437448368,True,0.6891567010491906,2.801579233367196,0.23334588606246554,4.571803244755432,-0.7121772137813318,52.626770534401516,True,0.7487262588098931,2.4341530820333146,0.24150687709833374,4.554442306241419
