,withCA,rvr_slope,rvr_intercept,rvr_check,rvr_r2,rvr_mae,rvr_rsq_uncorr,rvr_ma_uncorr
0,True,-0.5667712722836249,41.87876445791025,True,0.6847933047193551,2.645580336896999,0.36354961332208935,4.039218082732524
