,withCA,rvr_slope,rvr_intercept,rvr_check,rvr_r2,rvr_mae,rvr_rsq_uncorr,rvr_ma_uncorr,svm_slope,svm_intercept,svm_check,svm_r2,svm_mae,svm_rsq_uncorr,svm_ma_uncorr
0,True,-0.7103360522454839,52.29311807106156,True,0.7542591353167153,2.4804697934981688,0.24968174506201368,4.37318959272657,-0.7425065961028293,54.18422974951951,True,0.8198374661372545,2.1652378696637475,0.2628862549098665,4.366274361206475
