,withCA,rvr_slope,rvr_intercept,rvr_check,rvr_r2,rvr_mae,rvr_rsq_uncorr,rvr_ma_uncorr,svm_slope,svm_intercept,svm_check,svm_r2,svm_mae,svm_rsq_uncorr,svm_ma_uncorr
0,True,-0.660235543923242,48.89986373111617,True,0.6572356914756552,2.850160258732503,0.22092358819558955,4.2849431315891415,-0.6554986374441125,48.694571145508505,True,0.677501344338399,2.6158334929476172,0.24590701650591673,4.328263864713437
