,withCA,rvr_slope,rvr_intercept,rvr_check,rvr_r2,rvr_mae,rvr_rsq_uncorr,rvr_ma_uncorr,svm_slope,svm_intercept,svm_check,svm_r2,svm_mae,svm_rsq_uncorr,svm_ma_uncorr
0,True,-0.602921892225824,44.474985316147155,True,0.6166753464443773,2.972888333728586,0.2531581969722365,4.191360288448003,-0.7684381733286003,56.09368763175125,True,0.7811338042178284,2.1974815989381073,0.18194288547672377,4.530034546963762
