,withCA,rvr_slope,rvr_intercept,rvr_check,rvr_r2,rvr_mae,rvr_rsq_uncorr,rvr_ma_uncorr,svm_slope,svm_intercept,svm_check,svm_r2,svm_mae,svm_rsq_uncorr,svm_ma_uncorr
0,True,-0.69344691426249,51.10814257214673,True,0.6863676451914116,2.795159519054814,0.20535855600494302,4.45799549863902,-0.7335807984832469,53.87214033200653,True,0.7808888448806297,2.2822043386469577,0.2408524160410187,4.426880435241003
