,withCA,rvr_slope,rvr_intercept,rvr_check,rvr_r2,rvr_mae,rvr_rsq_uncorr,rvr_ma_uncorr,svm_slope,svm_intercept,svm_check,svm_r2,svm_mae,svm_rsq_uncorr,svm_ma_uncorr
0,True,-0.6566788797564044,48.795755505985234,True,0.6881941398621026,2.493354681261338,0.2569640559093048,3.974537623719691,-0.7593525622499704,56.413058355201,True,0.8342566574426916,1.892917651348157,0.25762399288985016,3.963569208251097
