,withCA,rvr_slope,rvr_intercept,rvr_check,rvr_r2,rvr_mae,rvr_rsq_uncorr,rvr_ma_uncorr,svm_slope,svm_intercept,svm_check,svm_r2,svm_mae,svm_rsq_uncorr,svm_ma_uncorr
0,True,-0.5900412312875124,43.386674415777115,True,0.6803004956014744,2.6336261286428098,0.332046531441861,4.2174316171954915,-0.6643768321330584,48.841356765115385,True,0.6907455948679975,2.588456890013609,0.24917101096155514,4.4318918591604675
