,withCA,rvr_slope,rvr_intercept,rvr_check,rvr_r2,rvr_mae,rvr_rsq_uncorr,rvr_ma_uncorr
0,True,-0.6822636684608074,50.56769821743095,True,0.6838982168431114,2.82687174833504,0.21727863536673275,4.425914801920126
