,withCA,rvr_slope,rvr_intercept,rvr_check,rvr_r2,rvr_mae,rvr_rsq_uncorr,rvr_ma_uncorr,svm_slope,svm_intercept,svm_check,svm_r2,svm_mae,svm_rsq_uncorr,svm_ma_uncorr
0,True,-0.6033151939271039,44.50555485953845,True,0.6716444038985545,2.6734457905999234,0.30742226981257936,4.089103909403489,-0.5890975898025969,43.2756479211827,True,0.6789818786912581,2.6959734257044627,0.33000846091843106,4.030945153619416
