,withCA,rvr_slope,rvr_intercept,rvr_check,rvr_r2,rvr_mae,rvr_rsq_uncorr,rvr_ma_uncorr,svm_slope,svm_intercept,svm_check,svm_r2,svm_mae,svm_rsq_uncorr,svm_ma_uncorr
0,True,-0.695178376427743,51.53838852334898,True,0.7293045195153931,2.6291391178901193,0.24602871511672242,4.422412424011221,-0.7000732249277152,51.70703581652759,True,0.7675365701480497,2.3657979224644783,0.2765922545848194,4.382321648848435
