,withCA,rvr_slope,rvr_intercept,rvr_check,rvr_r2,rvr_mae,rvr_rsq_uncorr,rvr_ma_uncorr
0,True,-0.6117053484145923,45.00659742339902,True,0.6702555879926265,2.653801003124896,0.29498580132720675,4.124518392901943
