,withCA,svm_slope,svm_intercept,svm_check,svm_r2,svm_mae,svm_rsq_uncorr,svm_ma_uncorr
0,True,-0.7425065961028293,54.18422974951951,True,0.8198374661372545,2.1652378696637475,0.2628862549098665,4.366274361206475
