,withCA,rvr_slope,rvr_intercept,rvr_check,rvr_r2,rvr_mae,rvr_rsq_uncorr,rvr_ma_uncorr,svm_slope,svm_intercept,svm_check,svm_r2,svm_mae,svm_rsq_uncorr,svm_ma_uncorr
0,True,-0.6439679299218857,47.352503466441675,True,0.6796902228741932,2.730054876731368,0.2639576644120837,4.258743383158267,-0.7739323849796057,56.396972343841895,True,0.8192367621529416,1.8866916281718455,0.20517067407565692,4.402803258439668
