,withCA,rvr_slope,rvr_intercept,rvr_check,rvr_r2,rvr_mae,rvr_rsq_uncorr,rvr_ma_uncorr,svm_slope,svm_intercept,svm_check,svm_r2,svm_mae,svm_rsq_uncorr,svm_ma_uncorr
0,True,-0.6378644269450977,47.10718586745269,True,0.631582216095854,2.8526200348559163,0.22456194348125713,4.392020146844557,-0.7440149721611305,54.9719740494469,True,0.7487065913272459,2.293275777397562,0.19504427424460424,4.5213537080477995
