,withCA,rvr_slope,rvr_intercept,rvr_check,rvr_r2,rvr_mae,rvr_rsq_uncorr,rvr_ma_uncorr,svm_slope,svm_intercept,svm_check,svm_r2,svm_mae,svm_rsq_uncorr,svm_ma_uncorr
0,True,-0.680256152101584,50.267177341528836,True,0.7282818615449546,2.519728517470851,0.2655272170415307,4.234639366429691,-0.7009571149595202,51.29154168236409,True,0.7948739885660486,2.1895447185118186,0.2973842961617965,4.172590343777648
