,withCA,rvr_slope,rvr_intercept,rvr_check,rvr_r2,rvr_mae,rvr_rsq_uncorr,rvr_ma_uncorr,svm_slope,svm_intercept,svm_check,svm_r2,svm_mae,svm_rsq_uncorr,svm_ma_uncorr
0,True,-0.6995373532854258,51.74137782616858,True,0.6614941630499586,2.919652967112483,0.17209915584109514,4.678296907135735,-0.7181430187291388,53.017087685650885,True,0.7305626434030273,2.549028714792005,0.21475259876770347,4.6075060181501835
