,withCA,rvr_slope,rvr_intercept,rvr_check,rvr_r2,rvr_mae,rvr_rsq_uncorr,rvr_ma_uncorr,svm_slope,svm_intercept,svm_check,svm_r2,svm_mae,svm_rsq_uncorr,svm_ma_uncorr
0,True,-0.6588457280386534,48.64609385808711,True,0.6619755572794722,2.8112245481519436,0.2278157891960404,4.301345344780958,-0.7236844689233599,53.114371596106956,True,0.72200853420832,2.4934199538813546,0.196569510716471,4.517065201395545
