,withCA,rvr_slope,rvr_intercept,rvr_check,rvr_r2,rvr_mae,rvr_rsq_uncorr,rvr_ma_uncorr,svm_slope,svm_intercept,svm_check,svm_r2,svm_mae,svm_rsq_uncorr,svm_ma_uncorr
0,True,-0.6268896311659194,46.22679625653113,True,0.6864720089578114,2.7308086690175752,0.29312743755619186,4.283059001962746,-0.6683738631435016,49.64413133871233,True,0.8390709675382493,1.9869488666318342,0.39106580057393403,3.857116875473603
