,withCA,rvr_slope,rvr_intercept,rvr_check,rvr_r2,rvr_mae,rvr_rsq_uncorr,rvr_ma_uncorr,svm_slope,svm_intercept,svm_check,svm_r2,svm_mae,svm_rsq_uncorr,svm_ma_uncorr
0,True,-0.5059224164836186,37.44684737877213,True,0.666446438753201,2.7981897845871795,0.4104444818731646,3.772056826936583,-0.6108222328802182,45.383712195890915,True,0.8025138448064771,2.2141410656203253,0.4281890143184929,3.7260391972672005
