,withCA,rvr_slope,rvr_intercept,rvr_check,rvr_r2,rvr_mae,rvr_rsq_uncorr,rvr_ma_uncorr,svm_slope,svm_intercept,svm_check,svm_r2,svm_mae,svm_rsq_uncorr,svm_ma_uncorr
0,True,-0.5392068305834817,39.77951904274338,True,0.6801771944681685,2.7716723683715667,0.38924090861666183,3.9601738911373414,-0.5407573943321117,39.71536475222628,True,0.7229057739917562,2.5859277208802602,0.4287462059606981,3.8407151703216056
