,withCA,rvr_slope,rvr_intercept,rvr_check,rvr_r2,rvr_mae,rvr_rsq_uncorr,rvr_ma_uncorr,svm_slope,svm_intercept,svm_check,svm_r2,svm_mae,svm_rsq_uncorr,svm_ma_uncorr
0,True,-0.610833593159606,45.16327117221794,True,0.6661342086953181,2.794629120307763,0.2930105770842105,4.227142081649125,-0.6840313805539211,50.32608039619883,True,0.7486105144695916,2.2940487107964462,0.2793300474945569,4.218015623825909
