,withCA,rvr_slope,rvr_intercept,rvr_check,rvr_r2,rvr_mae,rvr_rsq_uncorr,rvr_ma_uncorr
0,True,-0.603993131803869,44.591925939816655,True,0.6984985836968738,2.579068954905719,0.333625478438368,4.047444571728321
