,withCA,rvr_slope,rvr_intercept,rvr_check,rvr_r2,rvr_mae,rvr_rsq_uncorr,rvr_ma_uncorr
0,True,-0.5612023869775518,41.67116100470812,True,0.7017763252870978,2.715821278767839,0.38615456238185364,4.088507759370627
