,withCA,rvr_slope,rvr_intercept,rvr_check,rvr_r2,rvr_mae,rvr_rsq_uncorr,rvr_ma_uncorr,svm_slope,svm_intercept,svm_check,svm_r2,svm_mae,svm_rsq_uncorr,svm_ma_uncorr
0,True,-0.6849633564781082,50.541085902354396,True,0.6743123311700006,2.9140336283067194,0.20505033349742607,4.485751122728538,-0.6957120723022786,51.08767630844174,True,0.7188706809552798,2.5927858896663576,0.23245520898454464,4.300600798991354
