,withCA,rvr_slope,rvr_intercept,rvr_check,rvr_r2,rvr_mae,rvr_rsq_uncorr,rvr_ma_uncorr,svm_slope,svm_intercept,svm_check,svm_r2,svm_mae,svm_rsq_uncorr,svm_ma_uncorr
0,True,-0.7838887827036315,57.8478921188205,True,0.6562276138337673,2.9739018361743885,0.04123210887905371,4.915317371758117,-0.8518991864445755,62.36881290497008,True,0.9173760782279055,1.3951162917552196,0.18089690818910265,4.642296691513969
