,withCA,rvr_slope,rvr_intercept,rvr_check,rvr_r2,rvr_mae,rvr_rsq_uncorr,rvr_ma_uncorr
0,True,-0.6917330446895416,51.022537899781206,True,0.6984998996995593,2.591878871332612,0.21992006418749366,4.416856640872934
