,withCA,rvr_slope,rvr_intercept,rvr_check,rvr_r2,rvr_mae,rvr_rsq_uncorr,rvr_ma_uncorr,svm_slope,svm_intercept,svm_check,svm_r2,svm_mae,svm_rsq_uncorr,svm_ma_uncorr
0,True,-0.7048230221692163,51.93771591967095,True,0.6178407790889757,3.056604628619372,0.12102888800652578,4.690317451842325,-0.7563633177055779,55.520558616358265,True,0.670243864163385,2.7587157783186975,0.09650402995592167,4.900099481140585
