,withCA,rvr_slope,rvr_intercept,rvr_check,rvr_r2,rvr_mae,rvr_rsq_uncorr,rvr_ma_uncorr,svm_slope,svm_intercept,svm_check,svm_r2,svm_mae,svm_rsq_uncorr,svm_ma_uncorr
0,True,-0.6977549320338603,51.55077771669835,True,0.7187488589651058,2.585502863910695,0.23153603088412633,4.383340392458102,-0.7552694696142854,55.51592287762976,True,0.8034883919312745,2.0197193798498327,0.22856637823298254,4.342361603251184
