,withCA,rvr_slope,rvr_intercept,rvr_check,rvr_r2,rvr_mae,rvr_rsq_uncorr,rvr_ma_uncorr,svm_slope,svm_intercept,svm_check,svm_r2,svm_mae,svm_rsq_uncorr,svm_ma_uncorr
0,True,-0.637327575578446,46.819220264647306,True,0.6539871972563931,2.628001527100034,0.2474771740645757,4.496950985329459,-0.8216607394587836,60.21767910413654,True,0.904559713053476,1.3077605663509535,0.22728092809474243,4.382772026823343
