,withCA,rvr_slope,rvr_intercept,rvr_check,rvr_r2,rvr_mae,rvr_rsq_uncorr,rvr_ma_uncorr,svm_slope,svm_intercept,svm_check,svm_r2,svm_mae,svm_rsq_uncorr,svm_ma_uncorr
0,True,-0.7031748414780147,51.68413167212977,True,0.6477479751870688,2.9539314548695765,0.15316431230032646,4.720145647161009,-0.7265717480058073,53.48928955384174,True,0.6896101466138711,2.72561053857306,0.16169870815132525,4.616251578953532
