,withCA,svm_slope,svm_intercept,svm_check,svm_r2,svm_mae,svm_rsq_uncorr,svm_ma_uncorr
0,True,-0.743173047212922,54.63161028931663,True,0.7397049755262703,2.577221931055012,0.18506572853168568,4.624747836751184
