,withCA,rvr_slope,rvr_intercept,rvr_check,rvr_r2,rvr_mae,rvr_rsq_uncorr,rvr_ma_uncorr
0,True,-0.5428561678766407,39.934728647886,True,0.6702086530791529,2.756820016782847,0.37294145031861503,4.051153130303591
