,withCA,svm_slope,svm_intercept,svm_check,svm_r2,svm_mae,svm_rsq_uncorr,svm_ma_uncorr
0,True,-0.7333736101648439,53.8574585583936,True,0.7949593673769542,2.1754926586652497,0.2542359568060293,4.341510987813645
