,withCA,rvr_slope,rvr_intercept,rvr_check,rvr_r2,rvr_mae,rvr_rsq_uncorr,rvr_ma_uncorr,svm_slope,svm_intercept,svm_check,svm_r2,svm_mae,svm_rsq_uncorr,svm_ma_uncorr
0,True,-0.5758116648506862,42.6722095549942,True,0.6720456516316239,2.829161382266857,0.3402803060345466,4.016673380507474,-0.6232525353593547,46.141690360475145,True,0.7272606107955418,2.452114060177375,0.33874901064631135,4.2327630630770825
