,withCA,rvr_slope,rvr_intercept,rvr_check,rvr_r2,rvr_mae,rvr_rsq_uncorr,rvr_ma_uncorr,svm_slope,svm_intercept,svm_check,svm_r2,svm_mae,svm_rsq_uncorr,svm_ma_uncorr
0,True,-0.5628570500979667,41.46837607076188,True,0.7090609233092469,2.5490018502690597,0.3921546722361552,3.7409110875957268,-0.5596640259823065,40.99080489061587,True,0.7433890163442167,2.4596673521871395,0.42783094837521995,3.7113418660239925
