,withCA,rvr_slope,rvr_intercept,rvr_check,rvr_r2,rvr_mae,rvr_rsq_uncorr,rvr_ma_uncorr,svm_slope,svm_intercept,svm_check,svm_r2,svm_mae,svm_rsq_uncorr,svm_ma_uncorr
0,True,-0.7403005900107167,54.90159806513477,True,0.7372508342942671,2.4926781007877166,0.1890323095911408,4.578037425227125,-0.8073343197172993,59.58410527174365,True,0.8119682924286487,1.958285929237213,0.15914640976520156,4.664436229808495
