,withCA,rvr_slope,rvr_intercept,rvr_check,rvr_r2,rvr_mae,rvr_rsq_uncorr,rvr_ma_uncorr,svm_slope,svm_intercept,svm_check,svm_r2,svm_mae,svm_rsq_uncorr,svm_ma_uncorr
0,True,-0.7111299301368781,52.413978341133785,True,0.7175075639882663,2.4479659189710663,0.21155316604303476,4.427767659962218,-0.8233301409744348,60.59841005175051,True,0.8404707016546582,1.6971157254447058,0.16158143035725914,4.663384020653005
