,withCA,rvr_slope,rvr_intercept,rvr_check,rvr_r2,rvr_mae,rvr_rsq_uncorr,rvr_ma_uncorr,svm_slope,svm_intercept,svm_check,svm_r2,svm_mae,svm_rsq_uncorr,svm_ma_uncorr
0,True,-0.5947189579386366,44.086889136065544,True,0.6928009282542003,2.6670939247125434,0.33867759463070657,3.9602263378670597,-0.6481397416123749,47.464740245794836,True,0.725020299205914,2.483988085035623,0.29995755756286413,4.115485006187476
