,withCA,rvr_slope,rvr_intercept,rvr_check,rvr_r2,rvr_mae,rvr_rsq_uncorr,rvr_ma_uncorr,svm_slope,svm_intercept,svm_check,svm_r2,svm_mae,svm_rsq_uncorr,svm_ma_uncorr
0,True,-0.5871546186503177,43.35477503053937,True,0.7105419625970659,2.4684031055918285,0.36578462223471986,3.9734353132414357,-0.6315810190933512,46.42929226540763,True,0.7624651206603326,2.267945817343626,0.36267747956042296,3.9718812611399774
