,withCA,rvr_slope,rvr_intercept,rvr_check,rvr_r2,rvr_mae,rvr_rsq_uncorr,rvr_ma_uncorr,svm_slope,svm_intercept,svm_check,svm_r2,svm_mae,svm_rsq_uncorr,svm_ma_uncorr
0,True,-0.6067320706549766,44.722679129501145,True,0.5888426007303069,3.2854668176546866,0.2203995772344728,4.637703360935371,-0.6486589040066164,47.93238109577954,True,0.6451959510525906,2.9904194459067663,0.22443740671897594,4.578508359065151
