,withCA,rvr_slope,rvr_intercept,rvr_check,rvr_r2,rvr_mae,rvr_rsq_uncorr,rvr_ma_uncorr,svm_slope,svm_intercept,svm_check,svm_r2,svm_mae,svm_rsq_uncorr,svm_ma_uncorr
0,True,-0.7380754245238609,54.660409862873,True,0.7548207845514324,2.455396836981642,0.209597453669075,4.431783165530573,-0.8409875139351788,61.878602527107155,True,0.8363639235165641,1.8788980232769987,0.12737882281544477,4.716865291990984
