,withCA,rvr_slope,rvr_intercept,rvr_check,rvr_r2,rvr_mae,rvr_rsq_uncorr,rvr_ma_uncorr,svm_slope,svm_intercept,svm_check,svm_r2,svm_mae,svm_rsq_uncorr,svm_ma_uncorr
0,True,-0.5732572326326939,42.344071579225485,True,0.67307659086187,2.841236718823246,0.34439454343011766,4.076714662522468,-0.60684541455752,44.91656322438405,True,0.7108388371481584,2.6048216655570338,0.3425368790849941,4.244269947065847
