,withCA,rvr_slope,rvr_intercept,rvr_check,rvr_r2,rvr_mae,rvr_rsq_uncorr,rvr_ma_uncorr,svm_slope,svm_intercept,svm_check,svm_r2,svm_mae,svm_rsq_uncorr,svm_ma_uncorr
0,True,-0.7540168609375149,55.893405632924924,True,0.745431358971964,2.478526751679504,0.17620719182567868,4.631261639686118,-0.781432292793669,57.06657892090918,True,0.8425167892873736,1.9781045952041676,0.22044331181327914,4.557944710751396
