,withCA,rvr_slope,rvr_intercept,rvr_check,rvr_r2,rvr_mae,rvr_rsq_uncorr,rvr_ma_uncorr,svm_slope,svm_intercept,svm_check,svm_r2,svm_mae,svm_rsq_uncorr,svm_ma_uncorr
0,True,-0.718500719847627,53.32929898779268,True,0.6183843259882545,3.187475088958307,0.10101815065501718,4.791311228326916,-0.7588572193868376,55.72678478039571,True,0.7249106427860107,2.6879382622331662,0.14563753417579073,4.7343922212441525
