,withCA,rvr_slope,rvr_intercept,rvr_check,rvr_r2,rvr_mae,rvr_rsq_uncorr,rvr_ma_uncorr
0,True,-0.5900412312875124,43.386674415777115,True,0.6803004956014744,2.6336261286428098,0.332046531441861,4.2174316171954915
