,withCA,rvr_slope,rvr_intercept,rvr_check,rvr_r2,rvr_mae,rvr_rsq_uncorr,rvr_ma_uncorr
0,True,-0.6357992151488078,46.947230678016965,True,0.7021441660664289,2.5677678503165846,0.2978623076219912,4.265957675301442
