,withCA,rvr_slope,rvr_intercept,rvr_check,rvr_r2,rvr_mae,rvr_rsq_uncorr,rvr_ma_uncorr,svm_slope,svm_intercept,svm_check,svm_r2,svm_mae,svm_rsq_uncorr,svm_ma_uncorr
0,True,-0.6517733922902785,47.96236388571882,True,0.6703116363699098,2.7142427065773096,0.24537919532474606,4.149048977878982,-0.7139690846179887,52.717131105970985,True,0.7986017625122801,2.046576655153921,0.2885780127317342,4.1105592275450595
