,withCA,rvr_slope,rvr_intercept,rvr_check,rvr_r2,rvr_mae,rvr_rsq_uncorr,rvr_ma_uncorr,svm_slope,svm_intercept,svm_check,svm_r2,svm_mae,svm_rsq_uncorr,svm_ma_uncorr
0,True,-0.7111302269856826,52.7196233642972,True,0.72271349515913,2.6600221720657404,0.21700504093181683,4.545094555630689,-0.7524286713256483,55.33420183752951,True,0.7778357729781554,2.235306181726385,0.20691341575428635,4.61906270118205
