,withCA,rvr_slope,rvr_intercept,rvr_check,rvr_r2,rvr_mae,rvr_rsq_uncorr,rvr_ma_uncorr,svm_slope,svm_intercept,svm_check,svm_r2,svm_mae,svm_rsq_uncorr,svm_ma_uncorr
0,True,-0.7613734719790968,56.12733078348301,True,0.7703219675742411,2.2517438300832198,0.19062291811761178,4.441038786686028,-0.7920172700491953,58.21709406850994,True,0.8056511203806966,1.881706959189818,0.17778005206018843,4.454412117078385
