,withCA,rvr_slope,rvr_intercept,rvr_check,rvr_r2,rvr_mae,rvr_rsq_uncorr,rvr_ma_uncorr,svm_slope,svm_intercept,svm_check,svm_r2,svm_mae,svm_rsq_uncorr,svm_ma_uncorr
0,True,-0.7147012845135715,52.593940413115895,True,0.6741872067660019,2.82310828800493,0.16216630980819136,4.635855400609329,-0.7207283008700964,52.84855481944893,True,0.7800331527251754,2.253009562816819,0.2562604170639866,4.347568292461012
