,withCA,rvr_slope,rvr_intercept,rvr_check,rvr_r2,rvr_mae,rvr_rsq_uncorr,rvr_ma_uncorr,svm_slope,svm_intercept,svm_check,svm_r2,svm_mae,svm_rsq_uncorr,svm_ma_uncorr
0,True,-0.7345226126511774,54.08184354123687,True,0.6939351857128644,2.761462726317436,0.15440919235419692,4.647351619315402,-0.7286582421471074,53.22783691743084,True,0.7740480262301165,2.418377055586863,0.2388659670219777,4.448870353378769
