,withCA,rvr_slope,rvr_intercept,rvr_check,rvr_r2,rvr_mae,rvr_rsq_uncorr,rvr_ma_uncorr
0,True,-0.5562069045099746,40.94893013303047,True,0.6741861884228102,2.797661887842144,0.3640943357002362,3.87416068518792
