,withCA,rvr_slope,rvr_intercept,rvr_check,rvr_r2,rvr_mae,rvr_rsq_uncorr,rvr_ma_uncorr,svm_slope,svm_intercept,svm_check,svm_r2,svm_mae,svm_rsq_uncorr,svm_ma_uncorr
0,True,-0.6713533831098472,49.64562507106477,True,0.6863163248921005,2.700390772769779,0.2351394815131751,4.347204074337345,-0.7278294914212875,53.31714261779464,True,0.7269220212872147,2.521890243416869,0.19381577125716876,4.455650579139846
