,withCA,rvr_slope,rvr_intercept,rvr_check,rvr_r2,rvr_mae,rvr_rsq_uncorr,rvr_ma_uncorr,svm_slope,svm_intercept,svm_check,svm_r2,svm_mae,svm_rsq_uncorr,svm_ma_uncorr
0,True,-0.6193968658067954,45.64747507435652,True,0.6721681719223129,2.7426572026515528,0.28845138238504997,4.288532386086428,-0.7359097882635188,54.272634786167416,True,0.8118337344292174,2.079627606748427,0.27025950487323736,4.243041035553581
