,withCA,rvr_slope,rvr_intercept,rvr_check,rvr_r2,rvr_mae,rvr_rsq_uncorr,rvr_ma_uncorr
0,True,-0.6828822637161128,50.451576110460294,True,0.6681944900548277,2.8748536089319927,0.20186539290534244,4.471749118565176
