,withCA,rvr_slope,rvr_intercept,rvr_check,rvr_r2,rvr_mae,rvr_rsq_uncorr,rvr_ma_uncorr,svm_slope,svm_intercept,svm_check,svm_r2,svm_mae,svm_rsq_uncorr,svm_ma_uncorr
0,True,-0.6472829361946124,47.57295713444101,True,0.6932127834662725,2.4531289210700584,0.2740234085138763,4.425854886861171,-0.7967838768985609,58.49757025765808,True,0.8063830004174659,1.7664569102890584,0.17071953362815817,4.6336648434235865
