,withCA,rvr_slope,rvr_intercept,rvr_check,rvr_r2,rvr_mae,rvr_rsq_uncorr,rvr_ma_uncorr,svm_slope,svm_intercept,svm_check,svm_r2,svm_mae,svm_rsq_uncorr,svm_ma_uncorr
0,True,-0.6826649254018833,50.51459992606277,True,0.6553547393512039,2.8252639904159222,0.1893232026336794,4.44303670318178,-0.6925813186074575,51.14691693219322,True,0.7334736418470865,2.5130598096414936,0.2535607864057281,4.462738664389079
