,withCA,rvr_slope,rvr_intercept,rvr_check,rvr_r2,rvr_mae,rvr_rsq_uncorr,rvr_ma_uncorr,svm_slope,svm_intercept,svm_check,svm_r2,svm_mae,svm_rsq_uncorr,svm_ma_uncorr
0,True,-0.6635492531708137,49.040383007325154,True,0.6726786022873867,2.754726473518047,0.23233310605844715,4.2631239962212115,-0.7782296786643386,57.443562680497116,True,0.8049244872738193,2.009732133802325,0.19889687696594172,4.564890159485418
