,withCA,rvr_slope,rvr_intercept,rvr_check,rvr_r2,rvr_mae,rvr_rsq_uncorr,rvr_ma_uncorr,svm_slope,svm_intercept,svm_check,svm_r2,svm_mae,svm_rsq_uncorr,svm_ma_uncorr
0,True,-0.7102245526142281,52.40065947849197,True,0.7346897248145055,2.542933595941167,0.22983346515287684,4.357441978430445,-0.7430218100011016,54.93476691056704,True,0.8064492902413584,2.1166180650691024,0.25272473862061595,4.351780371522859
