,withCA,rvr_slope,rvr_intercept,rvr_check,rvr_r2,rvr_mae,rvr_rsq_uncorr,rvr_ma_uncorr
0,True,-0.597366922560508,44.051043615763604,True,0.6249504633663963,2.926514515685861,0.2680142636381888,4.39099535553398
