,withCA,svm_slope,svm_intercept,svm_check,svm_r2,svm_mae,svm_rsq_uncorr,svm_ma_uncorr
0,True,-0.6783141617774439,50.299526734071264,True,0.7394123635335902,2.5897546421468647,0.2785669066596649,4.392985090850236
