,withCA,rvr_slope,rvr_intercept,rvr_check,rvr_r2,rvr_mae,rvr_rsq_uncorr,rvr_ma_uncorr
0,True,-0.5559096932416498,41.13814397638271,True,0.6411665947635993,2.9699195093182635,0.33208778822416185,4.192399584215338
