,withCA,rvr_slope,rvr_intercept,rvr_check,rvr_r2,rvr_mae,rvr_rsq_uncorr,rvr_ma_uncorr,svm_slope,svm_intercept,svm_check,svm_r2,svm_mae,svm_rsq_uncorr,svm_ma_uncorr
0,True,-0.681641577431833,50.11477216051731,True,0.679183780769943,2.664103606332981,0.2144347990671529,4.453336140498249,-0.7714871683922427,56.45422665476966,True,0.7783641300941012,2.1243536371077747,0.1800600726032624,4.459206716735476
