,withCA,rvr_slope,rvr_intercept,rvr_check,rvr_r2,rvr_mae,rvr_rsq_uncorr,rvr_ma_uncorr
0,True,-0.4634942476101047,34.37404387800965,True,0.6667199335182811,2.844458166116615,0.4516321813800924,3.7843173090905786
