,withCA,rvr_slope,rvr_intercept,rvr_check,rvr_r2,rvr_mae,rvr_rsq_uncorr,rvr_ma_uncorr,svm_slope,svm_intercept,svm_check,svm_r2,svm_mae,svm_rsq_uncorr,svm_ma_uncorr
0,True,-0.6303564528237151,46.481909569634134,True,0.6855465886800199,2.6694448339097034,0.288182489900921,4.240561129152198,-0.7454343717735469,55.07617629917888,True,0.794205782819849,2.0714383287390667,0.23836629419140298,4.2974577238102825
