,withCA,rvr_slope,rvr_intercept,rvr_check,rvr_r2,rvr_mae,rvr_rsq_uncorr,rvr_ma_uncorr,svm_slope,svm_intercept,svm_check,svm_r2,svm_mae,svm_rsq_uncorr,svm_ma_uncorr
0,True,-0.7875307165378375,57.9402614180273,True,0.7517800841629605,2.5045307933965013,0.13138911656806773,4.554550454780053,-0.7686109439390009,56.26237695808121,True,0.8111510547607843,2.2058333639976264,0.21681929999976934,4.475628239565264
