,withCA,rvr_slope,rvr_intercept,rvr_check,rvr_r2,rvr_mae,rvr_rsq_uncorr,rvr_ma_uncorr,svm_slope,svm_intercept,svm_check,svm_r2,svm_mae,svm_rsq_uncorr,svm_ma_uncorr
0,True,-0.4990373246177073,36.97137749623533,True,0.6460018303064354,2.8992442217955463,0.39683434339320944,4.023180733828575,-0.610293692363865,45.088534267240725,True,0.7720414026973167,2.3715696782983127,0.39955139812907203,3.9875657390319743
