,withCA,rvr_slope,rvr_intercept,rvr_check,rvr_r2,rvr_mae,rvr_rsq_uncorr,rvr_ma_uncorr,svm_slope,svm_intercept,svm_check,svm_r2,svm_mae,svm_rsq_uncorr,svm_ma_uncorr
0,True,-0.6689847889970677,49.50695080599615,True,0.6982269703444787,2.6287139812532008,0.25059871174111037,4.14841652618803,-0.6556395218773565,48.578692780422344,True,0.7521174926117651,2.3477201354166484,0.32225397573742953,3.9279009419653703
