,withCA,rvr_slope,rvr_intercept,rvr_check,rvr_r2,rvr_mae,rvr_rsq_uncorr,rvr_ma_uncorr
0,True,-0.6775458619584768,49.899603972930585,True,0.6929904380908958,2.682470941836708,0.23347790692234682,4.3336928755721145
