,withCA,svm_slope,svm_intercept,svm_check,svm_r2,svm_mae,svm_rsq_uncorr,svm_ma_uncorr
0,True,-0.7036020687587488,51.21152916157158,True,0.7679593286445633,2.407099434448058,0.2603636174070467,4.298830492314775
