,withCA,rvr_slope,rvr_intercept,rvr_check,rvr_r2,rvr_mae,rvr_rsq_uncorr,rvr_ma_uncorr
0,True,-0.6109382807416586,45.066827235012006,True,0.7218006929771874,2.494190014069085,0.3485367012542616,4.105268366638455
