,withCA,rvr_slope,rvr_intercept,rvr_check,rvr_r2,rvr_mae,rvr_rsq_uncorr,rvr_ma_uncorr,svm_slope,svm_intercept,svm_check,svm_r2,svm_mae,svm_rsq_uncorr,svm_ma_uncorr
0,True,-0.6541259462047504,48.35709092434051,True,0.6849925610812237,2.8486206356997923,0.25711074245858734,4.3485529764628055,-0.7350979835995027,53.94413593873664,True,0.7885824640966954,2.23377983162703,0.24402352749725775,4.321426876576469
