,withCA,rvr_slope,rvr_intercept,rvr_check,rvr_r2,rvr_mae,rvr_rsq_uncorr,rvr_ma_uncorr,svm_slope,svm_intercept,svm_check,svm_r2,svm_mae,svm_rsq_uncorr,svm_ma_uncorr
0,True,-0.772951655465516,56.757859334251506,True,0.7022872358526778,2.670137164851111,0.10400801800951487,4.637527117031399,-0.7831327716733479,57.35062224581782,True,0.8013568538811482,2.218368209097284,0.18515290122719652,4.594936957862253
