,withCA,svm_slope,svm_intercept,svm_check,svm_r2,svm_mae,svm_rsq_uncorr,svm_ma_uncorr
0,True,-0.6863729470639429,50.89627063592742,True,0.7624164613248553,2.4476379112892697,0.2912974118489724,4.2878467434394745
