,withCA,svm_slope,svm_intercept,svm_check,svm_r2,svm_mae,svm_rsq_uncorr,svm_ma_uncorr
0,True,-0.6915006265756913,51.02724067679735,True,0.80724979405797,2.1002686188978053,0.3279435177443062,3.947115306431982
