,withCA,svm_slope,svm_intercept,svm_check,svm_r2,svm_mae,svm_rsq_uncorr,svm_ma_uncorr
0,True,-0.7248665450830223,53.46539335431584,True,0.6824152452626279,2.6864212327480814,0.15638055171617993,4.5977577114506705
