,withCA,rvr_slope,rvr_intercept,rvr_check,rvr_r2,rvr_mae,rvr_rsq_uncorr,rvr_ma_uncorr,svm_slope,svm_intercept,svm_check,svm_r2,svm_mae,svm_rsq_uncorr,svm_ma_uncorr
0,True,-0.5538552568809858,40.73045932824882,True,0.6887875903121596,2.7229059960937048,0.381565010863795,3.891593856558742,-0.6721548096118686,49.57174073459706,True,0.770823305710399,2.2683389490499932,0.31901708965313136,4.2481975742139095
