,withCA,rvr_slope,rvr_intercept,rvr_check,rvr_r2,rvr_mae,rvr_rsq_uncorr,rvr_ma_uncorr,svm_slope,svm_intercept,svm_check,svm_r2,svm_mae,svm_rsq_uncorr,svm_ma_uncorr
0,True,-0.6410776701817066,47.29782748920558,True,0.6723106152764815,2.9809743684497105,0.26116924873039116,4.451466447309156,-0.636272690681144,46.7696032717535,True,0.7251313310006359,2.663619203530004,0.3187133137485454,4.276362757520604
