,withCA,rvr_slope,rvr_intercept,rvr_check,rvr_r2,rvr_mae,rvr_rsq_uncorr,rvr_ma_uncorr,svm_slope,svm_intercept,svm_check,svm_r2,svm_mae,svm_rsq_uncorr,svm_ma_uncorr
0,True,-0.7008969313698129,51.96319808895943,True,0.6281863304059772,3.1564769728872846,0.13638426502434753,4.681063953555624,-0.7105421782002069,52.43575529601162,True,0.6858054612502558,2.806801081038752,0.1807290651038882,4.596719464214998
