,withCA,rvr_slope,rvr_intercept,rvr_check,rvr_r2,rvr_mae,rvr_rsq_uncorr,rvr_ma_uncorr,svm_slope,svm_intercept,svm_check,svm_r2,svm_mae,svm_rsq_uncorr,svm_ma_uncorr
0,True,-0.696598585040706,51.41380620050445,True,0.7485115726768317,2.349130344157792,0.2632507214483024,4.2882407434096,-0.7763867809982051,57.021946533918424,True,0.8290843341247109,1.8350716072285207,0.2245865352382198,4.493578427636527
