,withCA,rvr_slope,rvr_intercept,rvr_check,rvr_r2,rvr_mae,rvr_rsq_uncorr,rvr_ma_uncorr,svm_slope,svm_intercept,svm_check,svm_r2,svm_mae,svm_rsq_uncorr,svm_ma_uncorr
0,True,-0.6925127774351856,51.087464453705564,True,0.7119238664565751,2.624101274650034,0.2321678210096546,4.38133187888342,-0.7333736101648439,53.8574585583936,True,0.7949593673769542,2.1754926586652497,0.2542359568060293,4.341510987813645
