,withCA,rvr_slope,rvr_intercept,rvr_check,rvr_r2,rvr_mae,rvr_rsq_uncorr,rvr_ma_uncorr,svm_slope,svm_intercept,svm_check,svm_r2,svm_mae,svm_rsq_uncorr,svm_ma_uncorr
0,True,-0.7436918613972959,54.82904173866316,True,0.7582815569127889,2.347198435445505,0.2051892096955562,4.380351672673476,-0.7789800581442002,57.387982850542,True,0.7969970658053862,2.0352484114654255,0.19017896763445652,4.419802976330862
