,withCA,rvr_slope,rvr_intercept,rvr_check,rvr_r2,rvr_mae,rvr_rsq_uncorr,rvr_ma_uncorr,svm_slope,svm_intercept,svm_check,svm_r2,svm_mae,svm_rsq_uncorr,svm_ma_uncorr
0,True,-0.6956679850543673,51.39634964248438,True,0.7476456563869331,2.3718283685958252,0.2636667692748422,4.259300756456378,-0.714454835164718,52.31926775001541,True,0.7712642498347141,2.2345281014748695,0.2557374915531979,4.205438702420024
