,withCA,rvr_slope,rvr_intercept,rvr_check,rvr_r2,rvr_mae,rvr_rsq_uncorr,rvr_ma_uncorr,svm_slope,svm_intercept,svm_check,svm_r2,svm_mae,svm_rsq_uncorr,svm_ma_uncorr
0,True,-0.5631343539864986,41.59633663960751,True,0.6614570344904676,2.913544871523942,0.34430901501906297,4.146498302955822,-0.6225917448611464,46.08432022855226,True,0.7098330948506573,2.607657485643026,0.3221284691197629,4.123621398213617
