,withCA,rvr_slope,rvr_intercept,rvr_check,rvr_r2,rvr_mae,rvr_rsq_uncorr,rvr_ma_uncorr,svm_slope,svm_intercept,svm_check,svm_r2,svm_mae,svm_rsq_uncorr,svm_ma_uncorr
0,True,-0.6833540146060072,50.47952831039204,True,0.6336622381230669,3.0539721885112416,0.1666802751011508,4.643392562647941,-0.6847568104797005,50.62658412290725,True,0.6527386329777931,2.9903882800255324,0.18383261774557647,4.721096046756603
