,withCA,rvr_slope,rvr_intercept,rvr_check,rvr_r2,rvr_mae,rvr_rsq_uncorr,rvr_ma_uncorr,svm_slope,svm_intercept,svm_check,svm_r2,svm_mae,svm_rsq_uncorr,svm_ma_uncorr
0,True,-0.6888057532230605,50.877114925948206,True,0.7288639765264497,2.563936032076826,0.25434448888947647,4.52572564173091,-0.7140050104205617,52.628096755889935,True,0.7863263719759384,2.2588140617457815,0.27587431139388285,4.454454208273987
