,withCA,rvr_slope,rvr_intercept,rvr_check,rvr_r2,rvr_mae,rvr_rsq_uncorr,rvr_ma_uncorr,svm_slope,svm_intercept,svm_check,svm_r2,svm_mae,svm_rsq_uncorr,svm_ma_uncorr
0,True,-0.7283924330721943,53.943942709746516,True,0.741112036232415,2.2982093062330002,0.209813169684411,4.593032107671311,-0.8340613635773763,61.40614885000598,True,0.8585338020519103,1.755503921873439,0.16211693685758177,4.731417918865702
