,withCA,rvr_slope,rvr_intercept,rvr_check,rvr_r2,rvr_mae,rvr_rsq_uncorr,rvr_ma_uncorr,svm_slope,svm_intercept,svm_check,svm_r2,svm_mae,svm_rsq_uncorr,svm_ma_uncorr
0,True,-0.6889927320842434,50.7890210435789,True,0.7065552982461186,2.7870804588198794,0.23178711995130197,4.3343196255792895,-0.7093010305831959,51.96889958185923,True,0.7362920457601063,2.6148828440877985,0.2297838603420148,4.412838436189765
