,withCA,rvr_slope,rvr_intercept,rvr_check,rvr_r2,rvr_mae,rvr_rsq_uncorr,rvr_ma_uncorr,svm_slope,svm_intercept,svm_check,svm_r2,svm_mae,svm_rsq_uncorr,svm_ma_uncorr
0,True,-0.7116038165937939,52.41970546223769,True,0.724852298039177,2.5907702566847925,0.21841675877561828,4.413633084368412,-0.7334145581545313,54.307214852929654,True,0.7673790362092073,2.323742877816818,0.2266179606187143,4.405086184841607
