,withCA,rvr_slope,rvr_intercept,rvr_check,rvr_r2,rvr_mae,rvr_rsq_uncorr,rvr_ma_uncorr
0,True,-0.674830502998047,49.66029511631507,True,0.7093447229879264,2.5813184815972647,0.25319490824430224,4.258932567881408
