,withCA,rvr_slope,rvr_intercept,rvr_check,rvr_r2,rvr_mae,rvr_rsq_uncorr,rvr_ma_uncorr,svm_slope,svm_intercept,svm_check,svm_r2,svm_mae,svm_rsq_uncorr,svm_ma_uncorr
0,True,-0.6881987758389445,50.8788545297361,True,0.6444113394201836,2.9807046457050013,0.17075166825346744,4.535170724192031,-0.7337926221852981,53.73865959854347,True,0.7306324883738039,2.4146353719368707,0.18656069189500257,4.491422392593748
