,withCA,rvr_slope,rvr_intercept,rvr_check,rvr_r2,rvr_mae,rvr_rsq_uncorr,rvr_ma_uncorr,svm_slope,svm_intercept,svm_check,svm_r2,svm_mae,svm_rsq_uncorr,svm_ma_uncorr
0,True,-0.7229706729164344,53.37760272928783,True,0.7432892723812379,2.3819115303395835,0.22058754949797976,4.329484635840782,-0.8433929481798351,62.05501064069718,True,0.8352677861048672,1.7514110382766153,0.12235474551980952,4.589546287031306
