,withCA,rvr_slope,rvr_intercept,rvr_check,rvr_r2,rvr_mae,rvr_rsq_uncorr,rvr_ma_uncorr,svm_slope,svm_intercept,svm_check,svm_r2,svm_mae,svm_rsq_uncorr,svm_ma_uncorr
0,True,-0.6519240650981791,48.10651475500483,True,0.7013344302119783,2.7697944551623794,0.27632944299369333,4.16917036055086,-0.7129242939341115,52.37927364908416,True,0.8263836079400586,2.0966885317478,0.31675845059825913,4.018608856195038
