,withCA,rvr_slope,rvr_intercept,rvr_check,rvr_r2,rvr_mae,rvr_rsq_uncorr,rvr_ma_uncorr
0,True,-0.7110515964968892,51.92056911315413,True,0.6549286831963022,2.8511940046150617,0.14486251761160995,4.548042853578339
