,withCA,rvr_slope,rvr_intercept,rvr_check,rvr_r2,rvr_mae,rvr_rsq_uncorr,rvr_ma_uncorr,svm_slope,svm_intercept,svm_check,svm_r2,svm_mae,svm_rsq_uncorr,svm_ma_uncorr
0,True,-0.7680304617349838,56.51738213157249,True,0.7335205032373846,2.5194015452878284,0.1432894921142437,4.609279038080748,-0.8001707824460619,58.23446618001572,True,0.8289281772423187,2.007176807291316,0.17357436750547317,4.63556009889154
