,withCA,rvr_slope,rvr_intercept,rvr_check,rvr_r2,rvr_mae,rvr_rsq_uncorr,rvr_ma_uncorr,svm_slope,svm_intercept,svm_check,svm_r2,svm_mae,svm_rsq_uncorr,svm_ma_uncorr
0,True,-0.7576164653587592,55.77394650580381,True,0.7794812050277785,2.316176823390603,0.2054418735571678,4.408563099991027,-0.7659175065656384,56.151321581883245,True,0.8147606617250036,2.138304386080963,0.22605599403840448,4.427611609690789
