,withCA,rvr_slope,rvr_intercept,rvr_check,rvr_r2,rvr_mae,rvr_rsq_uncorr,rvr_ma_uncorr,svm_slope,svm_intercept,svm_check,svm_r2,svm_mae,svm_rsq_uncorr,svm_ma_uncorr
0,True,-0.6631974316253485,48.951306425182295,True,0.6817754632970446,2.8133613401321513,0.24176980760662348,4.405433478617803,-0.7521281335468252,55.06185285867103,True,0.805643078422713,2.1782086001801773,0.23233088615312214,4.4038993968858335
