,withCA,rvr_slope,rvr_intercept,rvr_check,rvr_r2,rvr_mae,rvr_rsq_uncorr,rvr_ma_uncorr
0,True,-0.625790824444391,46.2014130413376,True,0.6624934645483671,2.7675616888675796,0.2708520245360372,4.310664869483177
