,withCA,rvr_slope,rvr_intercept,rvr_check,rvr_r2,rvr_mae,rvr_rsq_uncorr,rvr_ma_uncorr
0,True,-0.6159696286171574,45.24983837048088,True,0.6813515309502638,2.7453628721898276,0.29998423966890875,4.256625480789784
