,withCA,rvr_slope,rvr_intercept,rvr_check,rvr_r2,rvr_mae,rvr_rsq_uncorr,rvr_ma_uncorr,svm_slope,svm_intercept,svm_check,svm_r2,svm_mae,svm_rsq_uncorr,svm_ma_uncorr
0,True,-0.666579880581366,49.3047102898072,True,0.6833902240296323,2.86957869592688,0.23902086321323668,4.469343629216984,-0.6427381644945038,47.29027651345145,True,0.6249291789601701,2.9934468116596507,0.2107275794142931,4.613812832230414
