,withCA,rvr_slope,rvr_intercept,rvr_check,rvr_r2,rvr_mae,rvr_rsq_uncorr,rvr_ma_uncorr
0,True,-0.7111302269856826,52.7196233642972,True,0.72271349515913,2.6600221720657404,0.21700504093181683,4.545094555630689
