,withCA,rvr_slope,rvr_intercept,rvr_check,rvr_r2,rvr_mae,rvr_rsq_uncorr,rvr_ma_uncorr,svm_slope,svm_intercept,svm_check,svm_r2,svm_mae,svm_rsq_uncorr,svm_ma_uncorr
0,True,-0.7054929198515407,52.02230872190833,True,0.7268896903105325,2.6043338136675347,0.22914404019433854,4.3240281196532395,-0.7036020687587488,51.21152916157158,True,0.7679593286445633,2.407099434448058,0.2603636174070467,4.298830492314775
