,withCA,rvr_slope,rvr_intercept,rvr_check,rvr_r2,rvr_mae,rvr_rsq_uncorr,rvr_ma_uncorr,svm_slope,svm_intercept,svm_check,svm_r2,svm_mae,svm_rsq_uncorr,svm_ma_uncorr
0,True,-0.6675218187518764,49.666087178687896,True,0.7172647620909769,2.355804560880817,0.2715284500727715,3.8844926617857887,-0.7737417156609642,57.31077958910156,True,0.8604886031321112,1.6533745333832477,0.25831848357993836,4.013102101768893
