,withCA,rvr_slope,rvr_intercept,rvr_check,rvr_r2,rvr_mae,rvr_rsq_uncorr,rvr_ma_uncorr
0,True,-0.6867375385188343,50.91581856033951,True,0.719710865377251,2.710769622298891,0.24746205847039382,4.4382845842634335
