,withCA,rvr_slope,rvr_intercept,rvr_check,rvr_r2,rvr_mae,rvr_rsq_uncorr,rvr_ma_uncorr,svm_slope,svm_intercept,svm_check,svm_r2,svm_mae,svm_rsq_uncorr,svm_ma_uncorr
0,True,-0.6900897941001517,50.95369427137044,True,0.7106052924573396,2.599917922285672,0.23407003350744804,4.339798532658275,-0.7939596972535093,58.11516632169875,True,0.7984620412806227,2.0658154658541936,0.16422665290826732,4.566067112094838
