,withCA,rvr_slope,rvr_intercept,rvr_check,rvr_r2,rvr_mae,rvr_rsq_uncorr,rvr_ma_uncorr,svm_slope,svm_intercept,svm_check,svm_r2,svm_mae,svm_rsq_uncorr,svm_ma_uncorr
0,True,-0.64078624069486,47.38671436840874,True,0.730000337341929,2.69638811351236,0.3193658036293109,4.263705390934513,-0.6805240729293595,50.543239151537136,True,0.788684995754303,2.3381892234336887,0.32399442364588726,4.2429067730596515
