,withCA,rvr_slope,rvr_intercept,rvr_check,rvr_r2,rvr_mae,rvr_rsq_uncorr,rvr_ma_uncorr
0,True,-0.4693244255752503,34.7261354213482,True,0.6307023999139957,2.8883064295286536,0.41042221111398314,3.938620963354466
