,withCA,rvr_slope,rvr_intercept,rvr_check,rvr_r2,rvr_mae,rvr_rsq_uncorr,rvr_ma_uncorr
0,True,-0.6071141915721354,44.72879131310625,True,0.7356842538688759,2.391909763377446,0.3664952468306839,3.963993921078408
