,withCA,rvr_slope,rvr_intercept,rvr_check,rvr_r2,rvr_mae,rvr_rsq_uncorr,rvr_ma_uncorr,svm_slope,svm_intercept,svm_check,svm_r2,svm_mae,svm_rsq_uncorr,svm_ma_uncorr
0,True,-0.5619966650167033,41.587166859157634,True,0.7379716416268631,2.512047737796516,0.42211540108524737,4.03645488743802,-0.6607275357121717,48.88932425874606,True,0.7571955111759221,2.359975649709488,0.32061771900221814,4.438419992735012
