,withCA,rvr_slope,rvr_intercept,rvr_check,rvr_r2,rvr_mae,rvr_rsq_uncorr,rvr_ma_uncorr,svm_slope,svm_intercept,svm_check,svm_r2,svm_mae,svm_rsq_uncorr,svm_ma_uncorr
0,True,-0.6170609543711025,45.446428372830475,True,0.6872910250390258,2.6070942367409446,0.30582175111469956,4.321243388654834,-0.7643081068228567,56.26922964481533,True,0.7864723488148835,1.8760770008147691,0.20098711182526618,4.6937285076774655
