,withCA,rvr_slope,rvr_intercept,rvr_check,rvr_r2,rvr_mae,rvr_rsq_uncorr,rvr_ma_uncorr,svm_slope,svm_intercept,svm_check,svm_r2,svm_mae,svm_rsq_uncorr,svm_ma_uncorr
0,True,-0.6335084131449237,46.61802868227895,True,0.6573670789443833,2.869647734885667,0.25495932667532495,4.351471590868921,-0.6693960056613423,49.20134000249189,True,0.7593940344230791,2.445363067546641,0.3093894694146331,4.3276175160004335
