,withCA,rvr_slope,rvr_intercept,rvr_check,rvr_r2,rvr_mae,rvr_rsq_uncorr,rvr_ma_uncorr,svm_slope,svm_intercept,svm_check,svm_r2,svm_mae,svm_rsq_uncorr,svm_ma_uncorr
0,True,-0.6181721566771959,45.485313186371684,True,0.617510378226479,2.918353496972219,0.23498993488468778,4.362621046342131,-0.6592196932777296,48.40172391308928,True,0.6529790295204121,2.563395204931738,0.21699311605005245,4.438728301957057
