,withCA,rvr_slope,rvr_intercept,rvr_check,rvr_r2,rvr_mae,rvr_rsq_uncorr,rvr_ma_uncorr,svm_slope,svm_intercept,svm_check,svm_r2,svm_mae,svm_rsq_uncorr,svm_ma_uncorr
0,True,-0.5877797239940431,43.44964402107442,True,0.6204835443227636,2.871106161765762,0.27475622629115093,4.31991382218665,-0.6427693794085871,47.374901243958625,True,0.650321233215486,2.862762979201043,0.23561654686914546,4.37831472613853
