,withCA,svm_slope,svm_intercept,svm_check,svm_r2,svm_mae,svm_rsq_uncorr,svm_ma_uncorr
0,True,-0.6665781285597749,49.03823833557563,True,0.7720887514967726,2.28340603701904,0.32628598721475977,4.01532562096025
