,withCA,rvr_slope,rvr_intercept,rvr_check,rvr_r2,rvr_mae,rvr_rsq_uncorr,rvr_ma_uncorr,svm_slope,svm_intercept,svm_check,svm_r2,svm_mae,svm_rsq_uncorr,svm_ma_uncorr
0,True,-0.7353847231018453,54.523219065959395,True,0.7201376229497848,2.676336318553762,0.1787218270405686,4.657288363285294,-0.7550488944505687,55.49798098675935,True,0.7765142241743594,2.378706919682605,0.20390389054561942,4.563368949054356
