,withCA,rvr_slope,rvr_intercept,rvr_check,rvr_r2,rvr_mae,rvr_rsq_uncorr,rvr_ma_uncorr,svm_slope,svm_intercept,svm_check,svm_r2,svm_mae,svm_rsq_uncorr,svm_ma_uncorr
0,True,-0.6071141915721354,44.72879131310625,True,0.7356842538688759,2.391909763377446,0.3664952468306839,3.963993921078408,-0.6472362449008398,47.395766293523295,True,0.7360762109799974,2.360570390495319,0.31189007253722145,4.063940632832936
