,withCA,rvr_slope,rvr_intercept,rvr_check,rvr_r2,rvr_mae,rvr_rsq_uncorr,rvr_ma_uncorr,svm_slope,svm_intercept,svm_check,svm_r2,svm_mae,svm_rsq_uncorr,svm_ma_uncorr
0,True,-0.6643685493835911,48.82076443787078,True,0.6732978585894482,2.6361513286982143,0.23053525319929813,4.25071887684776,-0.7216156273146759,52.97583062453961,True,0.7879505745413007,2.1759666651531404,0.26482934961030247,4.193613929149881
