,withCA,rvr_slope,rvr_intercept,rvr_check,rvr_r2,rvr_mae,rvr_rsq_uncorr,rvr_ma_uncorr
0,True,-0.6490168799335535,47.80052341818832,True,0.6838375409411626,2.6505312559266687,0.26259461353877467,4.193368618722599
