,withCA,rvr_slope,rvr_intercept,rvr_check,rvr_r2,rvr_mae,rvr_rsq_uncorr,rvr_ma_uncorr
0,True,-0.5230563377291649,39.010405141136516,True,0.5597011014179826,3.182406593161051,0.28439481230764874,4.128611839225336
