,withCA,rvr_slope,rvr_intercept,rvr_check,rvr_r2,rvr_mae,rvr_rsq_uncorr,rvr_ma_uncorr,svm_slope,svm_intercept,svm_check,svm_r2,svm_mae,svm_rsq_uncorr,svm_ma_uncorr
0,True,-0.6054547715146216,44.427844902835034,True,0.6370804787530706,2.799845575501207,0.26987645317914744,4.380410431428743,-0.6685126525217758,49.2837360785817,True,0.6915310488980257,2.6021898256993277,0.24455150804083248,4.454749541796047
