,withCA,rvr_slope,rvr_intercept,rvr_check,rvr_r2,rvr_mae,rvr_rsq_uncorr,rvr_ma_uncorr,svm_slope,svm_intercept,svm_check,svm_r2,svm_mae,svm_rsq_uncorr,svm_ma_uncorr
0,True,-0.6954578446852516,51.39936997961559,True,0.6788434057174413,2.6894636173411657,0.19517433149294616,4.523599991103584,-0.7413054863645913,54.679699764646195,True,0.7806571113217342,2.2023381016630883,0.2307323972335651,4.541791666965164
