,withCA,rvr_slope,rvr_intercept,rvr_check,rvr_r2,rvr_mae,rvr_rsq_uncorr,rvr_ma_uncorr
0,True,-0.6736273119612373,49.61821611984095,True,0.6759734373230952,2.9292145880172673,0.22155560896282878,4.542422291343701
