,withCA,rvr_slope,rvr_intercept,rvr_check,rvr_r2,rvr_mae,rvr_rsq_uncorr,rvr_ma_uncorr,svm_slope,svm_intercept,svm_check,svm_r2,svm_mae,svm_rsq_uncorr,svm_ma_uncorr
0,True,-0.7000636973273474,51.63522770586059,True,0.7330839357990537,2.38913873837786,0.24290205540056764,4.357709252166943,-0.7860325951387775,57.95880068192286,True,0.7896027121815243,1.997813716281031,0.17157114470185886,4.599462915874402
