,withCA,rvr_slope,rvr_intercept,rvr_check,rvr_r2,rvr_mae,rvr_rsq_uncorr,rvr_ma_uncorr,svm_slope,svm_intercept,svm_check,svm_r2,svm_mae,svm_rsq_uncorr,svm_ma_uncorr
0,True,-0.6302282369969909,46.97091992395919,True,0.6441151539795632,2.9334770865118114,0.24675310852738708,4.230903759960489,-0.7021417741679647,51.92296457573664,True,0.7365172375054048,2.3762525576725726,0.24081275441475314,4.205062876067641
