,withCA,svm_slope,svm_intercept,svm_check,svm_r2,svm_mae,svm_rsq_uncorr,svm_ma_uncorr
0,True,-0.7193640891453976,52.830737812364504,True,0.7526150403598406,2.38990878153245,0.23384643952075057,4.327799352558882
