,withCA,rvr_slope,rvr_intercept,rvr_check,rvr_r2,rvr_mae,rvr_rsq_uncorr,rvr_ma_uncorr,svm_slope,svm_intercept,svm_check,svm_r2,svm_mae,svm_rsq_uncorr,svm_ma_uncorr
0,True,-0.7074494158966457,52.21209752418576,True,0.7250083264492424,2.615669315677456,0.22407719897906453,4.4427156040734275,-0.6663730466491915,49.282873655476415,True,0.7363087042563274,2.610133307651595,0.29224146797950734,4.283826906536294
