,withCA,rvr_slope,rvr_intercept,rvr_check,rvr_r2,rvr_mae,rvr_rsq_uncorr,rvr_ma_uncorr,svm_slope,svm_intercept,svm_check,svm_r2,svm_mae,svm_rsq_uncorr,svm_ma_uncorr
0,True,-0.5347023768395054,39.67034993368378,True,0.6722967009423956,2.77660610385391,0.3863807830927646,3.869476684208044,-0.5919873456992072,43.81213552339484,True,0.6758165054021124,2.739099017030726,0.32517869354626117,4.091734027417243
