,withCA,rvr_slope,rvr_intercept,rvr_check,rvr_r2,rvr_mae,rvr_rsq_uncorr,rvr_ma_uncorr,svm_slope,svm_intercept,svm_check,svm_r2,svm_mae,svm_rsq_uncorr,svm_ma_uncorr
0,True,-0.5531075529601811,40.929093077142824,True,0.6885468907059544,2.8826043064406943,0.38257951670798884,4.0646922150102744,-0.6876395276020228,50.903255063344176,True,0.7871342710098395,2.2259462677591353,0.314170171048509,4.23162126598907
