,withCA,rvr_slope,rvr_intercept,rvr_check,rvr_r2,rvr_mae,rvr_rsq_uncorr,rvr_ma_uncorr,svm_slope,svm_intercept,svm_check,svm_r2,svm_mae,svm_rsq_uncorr,svm_ma_uncorr
0,True,-0.6793110858622846,50.536002858388436,True,0.703561522025695,2.54047767769301,0.2420617837731467,4.172986692838717,-0.7731259810765032,57.41617627158757,True,0.7645300504755828,2.1756350484199594,0.16625157269631075,4.393654737039648
