,withCA,rvr_slope,rvr_intercept,rvr_check,rvr_r2,rvr_mae,rvr_rsq_uncorr,rvr_ma_uncorr,svm_slope,svm_intercept,svm_check,svm_r2,svm_mae,svm_rsq_uncorr,svm_ma_uncorr
0,True,-0.6050505966590153,44.77896090754159,True,0.7258367547833819,2.499002107842244,0.3584099439220565,4.100205940569693,-0.7065483728425485,51.93495845053972,True,0.82482769444547,1.9380913218945568,0.325393061182497,4.039201772918692
