,withCA,svm_slope,svm_intercept,svm_check,svm_r2,svm_mae,svm_rsq_uncorr,svm_ma_uncorr
0,True,-0.6963705422806771,51.526508020951155,True,0.7264549982200301,2.5732942759688187,0.24148960588274204,4.57662645161677
