,withCA,rvr_slope,rvr_intercept,rvr_check,rvr_r2,rvr_mae,rvr_rsq_uncorr,rvr_ma_uncorr,svm_slope,svm_intercept,svm_check,svm_r2,svm_mae,svm_rsq_uncorr,svm_ma_uncorr
0,True,-0.6024713013082558,44.419982469565625,True,0.655902681323065,2.834734020361621,0.2926214118438386,4.304880956047275,-0.6332513122106135,46.72223655353366,True,0.7184083444814562,2.669711631313314,0.3172242804218527,4.324241090441701
