,withCA,rvr_slope,rvr_intercept,rvr_check,rvr_r2,rvr_mae,rvr_rsq_uncorr,rvr_ma_uncorr,svm_slope,svm_intercept,svm_check,svm_r2,svm_mae,svm_rsq_uncorr,svm_ma_uncorr
0,True,-0.6864181161366985,50.959800639868384,True,0.6031367451078827,3.2040513386460887,0.13082046284615234,4.739155743742914,-0.6971336161725797,51.325528591832864,True,0.6657386051546479,2.9746040467837878,0.17865281381385578,4.561893128081627
