,withCA,svm_slope,svm_intercept,svm_check,svm_r2,svm_mae,svm_rsq_uncorr,svm_ma_uncorr
0,True,-0.7140050104205617,52.628096755889935,True,0.7863263719759384,2.2588140617457815,0.27587431139388285,4.454454208273987
