,withCA,rvr_slope,rvr_intercept,rvr_check,rvr_r2,rvr_mae,rvr_rsq_uncorr,rvr_ma_uncorr,svm_slope,svm_intercept,svm_check,svm_r2,svm_mae,svm_rsq_uncorr,svm_ma_uncorr
0,True,-0.7071015751796601,52.72211045380599,True,0.7249619680534465,2.460534521188625,0.22494881259768917,4.129416463304581,-0.7667010960518413,56.72121029915772,True,0.7714604234213541,2.2016866158818202,0.17851961906416003,4.289507520612234
