,withCA,rvr_slope,rvr_intercept,rvr_check,rvr_r2,rvr_mae,rvr_rsq_uncorr,rvr_ma_uncorr,svm_slope,svm_intercept,svm_check,svm_r2,svm_mae,svm_rsq_uncorr,svm_ma_uncorr
0,True,-0.6596258394759156,49.2436543230922,True,0.7158992356164129,2.526898666455809,0.28044822736105257,4.079845320249191,-0.7386215654350616,54.90628057216347,True,0.8174933838044768,2.0127274867083296,0.2716117046519789,4.187529753166074
