,withCA,rvr_slope,rvr_intercept,rvr_check,rvr_r2,rvr_mae,rvr_rsq_uncorr,rvr_ma_uncorr,svm_slope,svm_intercept,svm_check,svm_r2,svm_mae,svm_rsq_uncorr,svm_ma_uncorr
0,True,-0.6995704175454498,51.77469891260904,True,0.6933082443310121,2.728900409755593,0.20367131003199246,4.3900198621612345,-0.6791330466501603,49.87196397627638,True,0.7429659562312672,2.5046287334073463,0.27948343046641577,4.187606497795903
